CUT,NOMBRE,escudo,PROVINCIA,REGION,SUPERFICIE,POBLACION,DENSIDAD,IDH,asdf,LATTITUD,LONGITUD
15101,Arica,Escudo de Arica,Arica,Bandera de la Region de Arica y Parinacota Arica y Parinacota,47994,247552,516,0866,Alto,-18°27'18",-70°17'24"
15102,Camarones,Escudo de Camarones,Arica,Bandera de la Region de Arica y Parinacota Arica y Parinacota,3927,1233,031,0791,Alto,-19°1'12",-69°52'12"
15201,Putre,Escudo de Putre,Parinacota,Bandera de la Region de Arica y Parinacota Arica y Parinacota,59025,2515,043,0817,Alto,-18°12'0",-69°34'588"
15202,General Lagos,Escudo de General Lagos,Parinacota,Bandera de la Region de Arica y Parinacota Arica y Parinacota,22444,810,036,0773,Medio,-17°39'108",-69°38'6"
01101,Iquique,Escudo de Iquique,Iquique,Bandera de la Region de Tarapaca Tarapaca,22421,223463,996,0826,Alto,-20°14'384",-70°8'204"
01107,Alto Hospicio,Escudo de Alto Hospicio,Iquique,Bandera de la Region de Tarapaca Tarapaca,5729,129999,2268,0735,Medio,-20°15'252",-70°1'192"
01401,Pozo Almonte,Escudo de Pozo Almonte,Tamarugal,Bandera de la Region de Tarapaca Tarapaca,137658,17395,126,0772,Alto,-20°17'276",-69°41'456"
01402,Camiña,Escudo de Camiña,Tamarugal,Bandera de la Region de Tarapaca Tarapaca,22002,1375,062,0699,Medio,-20°28'588",-69°22'12"
01403,Colchane,Escudo de Colchane,Tamarugal,Bandera de la Region de Tarapaca Tarapaca,40156,1583,039,0683,Medio,-19°17'24",-68°40'30"
01404,Huara,Escudo de Huara,Tamarugal,Bandera de la Region de Tarapaca Tarapaca,104746,3000,029,0746,Medio,-19°48'324",-69°58'192"
01405,Pica,Escudo de Pica,Tamarugal,Bandera de la Region de Tarapaca Tarapaca,89343,5958,066,0823,Alto,-20°28'588",-69°22'408"
02101,Antofagasta,Escudo de Antofagasta,Antofagasta,Bandera de la Region de Antofagasta Antofagasta,307181,425725,138,0854,Alto,-23°39'36",-70°23'42"
02102,Mejillones,Escudo de Mejillones,Antofagasta,Bandera de la Region de Antofagasta Antofagasta,38039,14776,388,0795,Alto,-23°6'36",-70°27'216"
02103,Sierra Gorda,Escudo de Sierra Gorda,Antofagasta,Bandera de la Region de Antofagasta Antofagasta,12886,1746,014,0809,Alto,-22°53'528",-69°19'228"
02104,Taltal,Escudo de Taltal,Antofagasta,Bandera de la Region de Antofagasta Antofagasta,204051,13657,067,0776,Alto,-25°24'36",-70°29'204"
02201,Calama,Escudo de Calama,El Loa,Bandera de la Region de Antofagasta Antofagasta,155969,190336,122,0857,Alto,-22°28'264",-68°55'264"
02202,Ollagüe,Escudo de Ollagüe,El Loa,Bandera de la Region de Antofagasta Antofagasta,2964,287,009,0739,Medio,-21°13'588",-68°16'12"
02203,San Pedro de Atacama,Escudo de San Pedro de Atacama,El Loa,Bandera de la Region de Antofagasta Antofagasta,23439,10434,045,0771,Alto,-22°55'12",-68°12'36"
02301,Tocopilla,Escudo de Tocopilla,Tocopilla,Bandera de la Region de Antofagasta Antofagasta,40388,28079,695,0796,Medio,-22°4'552",-70°11'204"
02302,Maria Elena,Escudo de Maria Elena,Tocopilla,Bandera de la Region de Antofagasta Antofagasta,12197,6814,055,0779,Alto,-22°19'12",-69°40'372"
03101,Copiapo,Escudo de Copiapo,Copiapo,Bandera de la Region de Atacama Atacama,166813,171766,102,0725,Alto,-27°22'30",-70°19'444"
03102,Caldera,Escudo de Caldera,Copiapo,Bandera de la Region de Atacama Atacama,46666,19426,416,0741,Alto,-27°3'576",-70°49'336"
03103,Tierra Amarilla,Escudo de Tierra Amarilla,Copiapo,Bandera de la Region de Atacama Atacama,11191,14312,127,0686,Medio,-27°28'228",-70°16'588"
03201,Chañaral,Escudo de Chañaral,Chañaral,Bandera de la Region de Atacama Atacama,5772,13164,228,0714,Alto,-26°20'456",-70°37'264"
03202,Diego de Almagro,Escudo de Diego de Almagro,Chañaral,Bandera de la Region de Atacama Atacama,18664,14358,077,0789,Alto,-26°23'24",-70°3'72"
03301,Vallenar,Escudo de Vallenar,Huasco,Bandera de la Region de Atacama Atacama,7084,57009,804,0731,Alto,-28°34'372",-70°46'12"
03302,Alto del Carmen,Escudo de Alto del Carmen,Huasco,Bandera de la Region de Atacama Atacama,5939,5729,096,0664,Medio,-28°44'564",-70°29'276"
03303,Freirina,Escudo de Freirina,Huasco,Bandera de la Region de Atacama Atacama,32079,7681,239,0693,Medio,-28°30'216",-71°4'336"
03304,Huasco,Escudo de Huasco,Huasco,Bandera de la Region de Atacama Atacama,16014,11264,703,0695,Medio,-28°27'216",-71°11'96"
04101,La Serena,Escudo de La Serena,Elqui,Bandera de la Region de Coquimbo Coquimbo,18928,249656,1318,0781,Alto,-29°54'252",-71°14'492"
04102,Coquimbo,Escudo de Coquimbo,Elqui,Bandera de la Region de Coquimbo Coquimbo,1429,256735,1796,0731,Alto,-29°58'156",-71°18'252"
04103,Andacollo,Escudo de Andacollo,Elqui,Bandera de la Region de Coquimbo Coquimbo,310,11791,380,0675,Medio,-30°13'48",-71°5'96"
04104,La Higuera,Escudo de La Higuera,Elqui,Bandera de la Region de Coquimbo Coquimbo,41582,4450,107,067,Medio,-29°30'0",-71°16'588"
04105,Paihuano,Escudo de Paihuano,Elqui,Bandera de la Region de Coquimbo Coquimbo,1495,4675,312,0734,Alto,-30°2'168",-70°30'252"
04106,Vicuña,Escudo de Vicuña,Elqui,Bandera de la Region de Coquimbo Coquimbo,7610,29741,390,0716,Alto,-30°1'84",-70°42'54"
04201,Illapel,Escudo de Illapel,Choapa,Bandera de la Region de Coquimbo Coquimbo,2629,32801,124,0667,Medio,-31°38'204",-71°10'444"
04202,Canela,Escudo de Canela,Choapa,Bandera de la Region de Coquimbo Coquimbo,21966,9546,434,0644,Medio,-31°23'456",-71°25'84"
04203,Los Vilos,Escudo de Los Vilos,Choapa,Bandera de la Region de Coquimbo Coquimbo,18238,23374,128,0675,Medio,-31°54'54",-71°30'216"
04204,Salamanca,Escudo de Salamanca,Choapa,Bandera de la Region de Coquimbo Coquimbo,3445,29110,844,0676,Medio,-31°46'48",-70°58'12"
04301,Ovalle,Escudo de Ovalle,Limari,Bandera de la Region de Coquimbo Coquimbo,3835,121269,316,0725,Alto,-30°35'564",-71°11'204"
04302,Combarbala,Escudo de Combarbala,Limari,Bandera de la Region de Coquimbo Coquimbo,22575,13884,614,0661,Medio,-31°10'48",-71°0'144"
04303,Monte Patria,Escudo de Monte Patria,Limari,Bandera de la Region de Coquimbo Coquimbo,43669,32527,744,0653,Medio,-30°46'30",-70°56'348"
04304,Punitaqui,Escudo de Punitaqui,Limari,Bandera de la Region de Coquimbo Coquimbo,1339,12165,908,0653,Medio,-30°49'588",-71°15'36"
04305,Rio Hurtado,Escudo de Rio Hurtado,Limari,Bandera de la Region de Coquimbo Coquimbo,2180,4372,201,0653,Medio,-30°16'228",-70°40'12"
05101,Valparaiso,Escudo de Valparaiso,Valparaiso,Bandera de la Region de Valparaiso Valparaiso,4016,315732,8102,0701,Alto,-33°2'60",-71°36'576"
05102,Casablanca,Escudo de Casablanca,Valparaiso,Bandera de la Region de Valparaiso Valparaiso,953,29170,306,0712,Alto,-33°19'30",-71°24'36"
05103,Concon,Escudo de Concon,Valparaiso,Bandera de la Region de Valparaiso Valparaiso,76,45889,6038,0781,Alto,-32°57'36",-71°28'84"
05104,Juan Fernandez,Escudo de Juan Fernandez,Valparaiso,Bandera de la Region de Valparaiso Valparaiso,1494,1033,693,0744,Alto,-33°37'588",-78°52'12"
05105,Puchuncavi,Escudo de Puchuncavi,Valparaiso,Bandera de la Region de Valparaiso Valparaiso,300,20071,669,0734,Alto,-32°44'528",-71°23'528"
05107,Quintero,Escudo de Quintero,Valparaiso,Bandera de la Region de Valparaiso Valparaiso,148,36135,2441,0733,Alto,-32°50'42",-71°28'12"
05109,Viña del Mar,Escudo de Viña del Mar,Valparaiso,Bandera de la Region de Valparaiso Valparaiso,1216,361371,2962,0766,Alto,-33°1'30",-71°30'54"
05201,Isla de Pascua,Escudo de Isla de Pascua,Isla de Pascua,Bandera de la Region de Valparaiso Valparaiso,1636,8277,504,0715,Alto,-27°7'4372",-109°21'3589"
05301,Los Andes,Escudo de Los Andes,Los Andes,Bandera de la Region de Valparaiso Valparaiso,1248,68093,545,0756,Alto,-32°50'132",-70°35'492"
05302,Calle Larga,Escudo de Calle Larga,Los Andes,Bandera de la Region de Valparaiso Valparaiso,3217,16482,511,0706,Alto,-32°52'59",-70°28'55"
05303,Rinconada,Escudo de Rinconada,Los Andes,Bandera de la Region de Valparaiso Valparaiso,1225,11263,915,0691,Medio,-32°49'5938",-70°41'1828"
05304,San Esteban,Escudo de San Esteban,Los Andes,Bandera de la Region de Valparaiso Valparaiso,681,20643,303,0732,Alto,-32°48'18",-70°34'516"
05401,La Ligua,Escudo de La Ligua,Petorca,Bandera de la Region de Valparaiso Valparaiso,1163,37739,324,0708,Alto,-32°21'1328",-71°16'1963"
05402,Cabildo,Escudo de Cabildo,Petorca,Bandera de la Region de Valparaiso Valparaiso,1455,20663,142,0671,Medio,-32°24'324",-71°4'48"
05403,Papudo,Escudo de Papudo,Petorca,Bandera de la Region de Valparaiso Valparaiso,643,6201,968,0734,Alto,-32°28'12",-71°22'516"
05404,Petorca,Escudo de Petorca,Petorca,Bandera de la Region de Valparaiso Valparaiso,1517,10558,695,0696,Medio,-32°17'24",-70°57'0"
05405,Zapallar,Escudo de Zapallar,Petorca,Bandera de la Region de Valparaiso Valparaiso,288,7994,277,0743,Alto,-32°34'48",-71°26'168"
05501,Quillota,Escudo de Quillota,Quillota,Bandera de la Region de Valparaiso Valparaiso,302,97572,323,0726,Alto,-32°54'54",-71°15'504"
05502,La Calera,Escudo de Calera,Quillota,Bandera de la Region de Valparaiso Valparaiso,605,53591,8785,07,Alto,-32°47'24",-71°12'144"
05503,Hijuelas,Escudo de Hijuelas,Quillota,Bandera de la Region de Valparaiso Valparaiso,267,19099,715,0672,Medio,-32°51'18",-71°5'384"
05504,La Cruz,Escudo de La Cruz,Quillota,Bandera de la Region de Valparaiso Valparaiso,78,25321,3246,0763,Alto,-32°49'264",-71°14'384"
05506,Nogales,Escudo de Nogales,Quillota,Bandera de la Region de Valparaiso Valparaiso,405,23490,58,0689,Medio,-32°44'96",-71°12'288"
05601,San Antonio,Escudo de San Antonio,San Antonio,Bandera de la Region de Valparaiso Valparaiso,405,96761,2389,0697,Medio,-33°35'41",-71°36'269"
05602,Algarrobo,Escudo de Algarrobo,San Antonio,Bandera de la Region de Valparaiso Valparaiso,1760,15174,862,0722,Alto,-33°22'09",-71°40'05"
05603,Cartagena,Escudo de Cartagena,San Antonio,Bandera de la Region de Valparaiso Valparaiso,246,25357,103,0708,Alto,-33°33'138",-71°36'274"
05604,El Quisco,Escudo de El Quisco,San Antonio,Bandera de la Region de Valparaiso Valparaiso,51,17742,3478,0745,Alto,-33°23'29",-71°41'34"
05605,El Tabo,Escudo de El Tabo,San Antonio,Bandera de la Region de Valparaiso Valparaiso,99,14338,1448,0747,Alto,-33°28'48",-71°37'156"
05606,Santo Domingo,Escudo de Santo Domingo,San Antonio,Bandera de la Region de Valparaiso Valparaiso,536,11934,222,0751,Alto,-33°42'288",-71°37'48"
05701,San Felipe,Escudo de San Felipe,San Felipe de Aconcagua,Bandera de la Region de Valparaiso Valparaiso,186,83494,4488,073,Alto,-32°45'0",-70°42'468"
05702,Catemu,Escudo de Catemu,San Felipe de Aconcagua,Bandera de la Region de Valparaiso Valparaiso,3616,15213,42,0669,Medio,-32°46'516",-70°58'84"
05703,Llay-Llay,Escudo de Llay-Llay,San Felipe de Aconcagua,Bandera de la Region de Valparaiso Valparaiso,3491,26533,76,0676,Medio,-32°50'384",-70°57'252"
05704,Panquehue,Escudo de Panquehue,San Felipe de Aconcagua,Bandera de la Region de Valparaiso Valparaiso,1219,7633,625,0696,Medio,-32°47'24",-70°50'132"
05705,Putaendo,Escudo de Putaendo,San Felipe de Aconcagua,Bandera de la Region de Valparaiso Valparaiso,1474,17645,119,0674,Medio,-32°37'408",-70°42'576"
05706,Santa Maria,Escudo de Santa Maria,San Felipe de Aconcagua,Bandera de la Region de Valparaiso Valparaiso,1663,16367,985,0699,Medio,-32°45'12",-70°40'12"
05801,Quilpue,Escudo de Quilpue,Marga Marga,Bandera de la Region de Valparaiso Valparaiso,5369,167085,3111,0752,Alto,-33°2'5107",-71°26'3296"
05802,Limache,Escudo de Limache,Marga Marga,Bandera de la Region de Valparaiso Valparaiso,294,49931,1698,0722,Alto,-33°0'108",-71°15'396"
05803,Olmue,Escudo de Olmue,Marga Marga,Bandera de la Region de Valparaiso Valparaiso,232,19266,83,0701,Alto,-33°0'324",-71°10'12"
05804,Villa Alemana,Escudo de Villa Alemana,Marga Marga,Bandera de la Region de Valparaiso Valparaiso,97,139310,14361,0755,Alto,-33°3'576",-71°19'444"
06101,Rancagua,Escudo de Rancagua,Cachapoal,Bandera de la Region del Libertador General Bernardo O'Higgins Lib Gral Bernardo O'Higgins,2603,265211,1020,0732,Alto,-34°9'432",-70°44'276"
06102,Codegua,Escudo de Codegua,Cachapoal,Bandera de la Region del Libertador General Bernardo O'Higgins Lib Gral Bernardo O'Higgins,287,14096,491,0706,Alto,-34°1'588",-70°40'12"
06103,Coinco,Escudo de Coinco,Cachapoal,Bandera de la Region del Libertador General Bernardo O'Higgins Lib Gral Bernardo O'Higgins,98,7831,799,0678,Medio,-34°16'228",-70°57'108"
06104,Coltauco,Escudo de Coltauco,Cachapoal,Bandera de la Region del Libertador General Bernardo O'Higgins Lib Gral Bernardo O'Higgins,225,21263,945,0644,Medio,-34°17'492",-71°5'312"
06105,Doñihue,Escudo de Doñihue,Cachapoal,Bandera de la Region del Libertador General Bernardo O'Higgins Lib Gral Bernardo O'Higgins,78,22700,291,0685,Medio,-34°11'6",-70°53'24"
06106,Graneros,Escudo de Graneros,Cachapoal,Bandera de la Region del Libertador General Bernardo O'Higgins Lib Gral Bernardo O'Higgins,113,36504,323,0691,Medio,-34°3'468",-70°43'156"
06107,Las Cabras,Escudo de Las Cabras,Cachapoal,Bandera de la Region del Libertador General Bernardo O'Higgins Lib Gral Bernardo O'Higgins,749,26740,357,0661,Medio,-34°17'6",-71°18'36"
06108,Machali,Escudo de Machali,Cachapoal,Bandera de la Region del Libertador General Bernardo O'Higgins Lib Gral Bernardo O'Higgins,2597,59913,231,073,Alto,-34°11'6",-70°39'432"
06109,Malloa,Escudo de Malloa,Cachapoal,Bandera de la Region del Libertador General Bernardo O'Higgins Lib Gral Bernardo O'Higgins,113,14163,1253,0649,Medio,-34°26'42",-70°56'42"
06110,Mostazal,Escudo de Mostazal,Cachapoal,Bandera de la Region del Libertador General Bernardo O'Higgins Lib Gral Bernardo O'Higgins,524,27462,524,0691,Medio,-33°58'372",-70°42'324"
06111,Olivar,Escudo de Olivar,Cachapoal,Bandera de la Region del Libertador General Bernardo O'Higgins Lib Gral Bernardo O'Higgins,45,14624,3249,0661,Medio,-34°12'504",-70°49'84"
06112,Peumo,Escudo de Peumo,Cachapoal,Bandera de la Region del Libertador General Bernardo O'Higgins Lib Gral Bernardo O'Higgins,1531,14952,977,0674,Medio,-34°23'204",-71°10'156"
06113,Pichidegua,Escudo de Pichidegua,Cachapoal,Bandera de la Region del Libertador General Bernardo O'Higgins Lib Gral Bernardo O'Higgins,320,20743,648,0652,Medio,-34°21'252",-71°17'132"
06114,Quinta de Tilcoco,Escudo de Quinta de Tilcoco,Cachapoal,Bandera de la Region del Libertador General Bernardo O'Higgins Lib Gral Bernardo O'Higgins,93,13877,1492,0678,Medio,-34°21'252",-70°58'84"
06115,Rengo,Escudo de Rengo,Cachapoal,Bandera de la Region del Libertador General Bernardo O'Higgins Lib Gral Bernardo O'Higgins,755,63710,843,068,Medio,-34°24'72",-70°51'216"
06116,Requinoa,Escudo de Requinoa,Cachapoal,Bandera de la Region del Libertador General Bernardo O'Higgins Lib Gral Bernardo O'Higgins,673,30371,451,0668,Medio,-34°16'588",-70°48'216"
06117,San Vicente,Escudo de San Vicente,Cachapoal,Bandera de la Region del Libertador General Bernardo O'Higgins Lib Gral Bernardo O'Higgins,4978,50617,1016,0694,Medio,-34°4'588",-71°45'0"
06201,Pichilemu,Escudo de Pichilemu,Cardenal Caro,Bandera de la Region del Libertador General Bernardo O'Higgins Lib Gral Bernardo O'Higgins,7491,17882,238,0677,Medio,-34°24'72",-72°0'324"
06202,La Estrella,Escudo de La Estrella,Cardenal Caro,Bandera de la Region del Libertador General Bernardo O'Higgins Lib Gral Bernardo O'Higgins,435,3114,715,0696,Medio,-34°12'0",-71°40'12"
06203,Litueche,Escudo de Litueche,Cardenal Caro,Bandera de la Region del Libertador General Bernardo O'Higgins Lib Gral Bernardo O'Higgins,619,6765,109,0645,Medio,-34°7'84",-71°43'408"
06204,Marchihue,Escudo de Marchihue,Cardenal Caro,Bandera de la Region del Libertador General Bernardo O'Higgins Lib Gral Bernardo O'Higgins,660,7632,115,067,Medio,-34°23'60",-71°37'588"
06205,Navidad,Escudo de Navidad,Cardenal Caro,Bandera de la Region del Libertador General Bernardo O'Higgins Lib Gral Bernardo O'Higgins,300,6904,23,0651,Medio,-33°57'0",-71°49'588"
06206,Paredones,Escudo de Paredones,Cardenal Caro,Bandera de la Region del Libertador General Bernardo O'Higgins Lib Gral Bernardo O'Higgins,562,6349,112,0628,Medio,-34°39'396",-71°53'384"
06301,San Fernando,Escudo de San Fernando,Colchagua,Bandera de la Region del Libertador General Bernardo O'Higgins Lib Gral Bernardo O'Higgins,2441,78642,322,0725,Alto,-34°35'24",-70°59'132"
06302,Chepica,Escudo de Chepica,Colchagua,Bandera de la Region del Libertador General Bernardo O'Higgins Lib Gral Bernardo O'Higgins,503,15925,316,0637,Medio,-34°43'588",-71°16'588"
06303,Chimbarongo,Escudo de Chimbarongo,Colchagua,Bandera de la Region del Libertador General Bernardo O'Higgins Lib Gral Bernardo O'Higgins,498,37696,756,0674,Medio,-34°42'288",-71°2'312"
06304,Lolol,Escudo de Lolol,Colchagua,Bandera de la Region del Libertador General Bernardo O'Higgins Lib Gral Bernardo O'Higgins,597,7289,122,0628,Medio,-34°43'516",-71°38'96"
06305,Nancagua,Escudo de Nancagua,Colchagua,Bandera de la Region del Libertador General Bernardo O'Higgins Lib Gral Bernardo O'Higgins,111,19141,1724,0665,Medio,-34°38'564",-71°12'108"
06306,Palmilla,Escudo de Palmilla,Colchagua,Bandera de la Region del Libertador General Bernardo O'Higgins Lib Gral Bernardo O'Higgins,237,13299,561,0676,Medio,-34°36'144",-71°21'288"
06307,Peralillo,Escudo de Peralillo,Colchagua,Bandera de la Region del Libertador General Bernardo O'Higgins Lib Gral Bernardo O'Higgins,2826,11848,418,0653,Medio,-34°28'588",-71°28'588"
06308,Placilla,Escudo de Placilla,Colchagua,Bandera de la Region del Libertador General Bernardo O'Higgins Lib Gral Bernardo O'Higgins,1469,9164,623,0621,Medio,-34°37'588",-71°7'12"
06309,Pumanque,Escudo de Pumanque,Colchagua,Bandera de la Region del Libertador General Bernardo O'Higgins Lib Gral Bernardo O'Higgins,441,3531,8,0635,Medio,-34°36'18",-71°38'384"
06310,Santa Cruz,Escudo de Santa Cruz,Colchagua,Bandera de la Region del Libertador General Bernardo O'Higgins Lib Gral Bernardo O'Higgins,4195,41096,978,0719,Alto,-34°37'516",-71°21'324"
07101,Talca,Escudo de Talca,Talca,Bandera de la Region del Maule Maule,232,236724,1016,0731,Alto,-35°25'228",-71°39'252"
07102,Constitucion,Escudo de Constitucion,Talca,Bandera de la Region del Maule Maule,1344,50348,374,0715,Alto,-35°20'204",-72°24'504"
07103,Curepto,Escudo de Curepto,Talca,Bandera de la Region del Maule Maule,10738,9426,877,0644,Medio,-35°4'588",-72°1'12"
07104,Empedrado,Escudo de Empedrado,Talca,Bandera de la Region del Maule Maule,565,4206,744,0637,Medio,-35°35'276",-72°16'228"
07105,Maule,Escudo de Maule,Talca,Bandera de la Region del Maule Maule,190,60000,3157,0681,Medio,-35°30'576",-71°34'192"
07106,Pelarco,Escudo de Pelarco,Talca,Bandera de la Region del Maule Maule,332,9083,273,0653,Medio,-35°22'408",-71°26'42"
07107,Pencahue,Escudo de Pencahue,Talca,Bandera de la Region del Maule Maule,9568,8601,898,0649,Medio,-35°23'276",-71°47'60"
07108,Rio Claro,Escudo de Rio Claro,Talca,Bandera de la Region del Maule Maule,431,14753,342,0671,Medio,-35°13'12",-71°15'0"
07109,San Clemente,Escudo de San Clemente,Talca,Bandera de la Region del Maule Maule,4504,46292,102,0659,Medio,-35°32'24",-71°29'96"
07110,San Rafael,Escudo de San Rafael,Talca,Bandera de la Region del Maule Maule,2635,9959,179,0629,Medio,-35°19'12",-71°31'588"
07201,Cauquenes,Escudo de Cauquenes,Cauquenes,Bandera de la Region del Maule Maule,2216,50441,199,0656,Medio,-35°57'504",-72°19'12"
07202,Chanco,Escudo de Chanco,Cauquenes,Bandera de la Region del Maule Maule,530,9331,176,0612,Medio,-35°43'444",-72°31'48"
07203,Pelluhue,Escudo de Pelluhue,Cauquenes,Bandera de la Region del Maule Maule,371,8092,218,0694,Medio,-35°48'504",-72°34'264"
07301,Curico,Escudo de Curico,Curico,Bandera de la Region del Maule Maule,1328,149626,1232,071,Alto,-34°58'336",-71°13'264"
07302,Hualañe,Escudo de Hualañe,Curico,Bandera de la Region del Maule Maule,629,10222,162,0631,Medio,-34°58'588",-71°49'12"
07303,Licanten,Escudo de Licanten,Curico,Bandera de la Region del Maule Maule,273,6989,256,0705,Alto,-34°58'588",-72°0'0"
07304,Molina,Escudo de Molina,Curico,Bandera de la Region del Maule Maule,1552,49800,32,0663,Medio,-35°5'24",-71°16'444"
07305,Rauco,Escudo de Rauco,Curico,Bandera de la Region del Maule Maule,309,11248,364,0659,Medio,-34°55'444",-71°18'396"
07306,Romeral,Escudo de Romeral,Curico,Bandera de la Region del Maule Maule,1597,16170,101,0668,Medio,-34°58'12",-71°7'588"
07307,Sagrada Familia,Escudo de Sagrada Familia,Curico,Bandera de la Region del Maule Maule,5488,19469,354,0672,Medio,-35°0'0",-71°22'588"
07308,Teno,Escudo de Teno,Curico,Bandera de la Region del Maule Maule,6184,30850,499,0648,Medio,-34°52'228",-71°9'432"
07309,Vichuquen,Escudo de Vichuquen,Curico,Bandera de la Region del Maule Maule,426,4381,102,0678,Medio,-34°49'228",-72°2'6"
07401,Linares,Escudo de Linares,Linares,Bandera de la Region del Maule Maule,1466,101073,689,071,Alto,-35°51'0",-71°35'6"
07402,Colbun,Escudo de Colbun,Linares,Bandera de la Region del Maule Maule,28999,22565,778,0638,Medio,-35°42'0",-71°25'12"
07403,Longavi,Escudo de Longavi,Linares,Bandera de la Region del Maule Maule,1454,32810,225,0626,Medio,-35°57'576",-71°40'552"
07404,Parral,Escudo de Parral,Linares,Bandera de la Region del Maule Maule,1638,44544,271,0656,Medio,-36°8'492",-71°49'192"
07405,Retiro,Escudo de Retiro,Linares,Bandera de la Region del Maule Maule,827,21071,254,0649,Medio,-36°2'456",-71°45'324"
07406,San Javier,Escudo de San Javier,Linares,Bandera de la Region del Maule Maule,1313,49451,376,0654,Medio,-35°2'60",-71°28'12"
07407,Villa Alegre,Escudo de Villa Alegre,Linares,Bandera de la Region del Maule Maule,190,17512,921,0648,Medio,-35°39'54",-71°44'312"
07408,Yerbas Buenas,Escudo de Yerbas Buenas,Linares,Bandera de la Region del Maule Maule,262,19200,732,064,Medio,-35°45'0",-71°34'588"
16101,Chillan,Escudo de Chillan,Diguillin,Bandera de la Region de Ñuble Ñuble,5112,198624,3886,0714,Alto,-36°36'36",-72°6'324"
16102,Bulnes,Escudo de Bulnes,Diguillin,Bandera de la Region de Ñuble Ñuble,4254,22607,531,0626,Medio,-36°44'204",-72°17'312"
16103,Chillan Viejo,Escudo de Chillan Viejo,Diguillin,Bandera de la Region de Ñuble Ñuble,2918,33827,1158,0732,Alto,-36°37'588",-72°8'24"
16104,El Carmen,Escudo de El Carmen,Diguillin,Bandera de la Region de Ñuble Ñuble,6643,12334,185,0611,Medio,-36°53'60",-72°1'588"
16105,Pemuco,Escudo de Pemuco,Diguillin,Bandera de la Region de Ñuble Ñuble,5627,8639,153,0631,Medio,-36°58'408",-72°5'276"
16106,Pinto,Escudo de Pinto,Diguillin,Bandera de la Region de Ñuble Ñuble,1164,11880,102,0618,Medio,-36°42'0",-71°54'0"
16107,Quillon,Escudo de Quillon,Diguillin,Bandera de la Region de Ñuble Ñuble,423,18777,443,059,Medio,-36°44'168",-72°28'84"
16108,San Ignacio,Escudo de San Ignacio,Diguillin,Bandera de la Region de Ñuble Ñuble,3636,16624,456,0618,Medio,-36°47'60",-72°1'588"
16109,Yungay,Escudo de Yungay,Diguillin,Bandera de la Region de Ñuble Ñuble,8235,18596,225,0669,Medio,-37°6'1602",-71°55'5092"
16201,Quirihue,Escudo de Quirihue,Itata,Bandera de la Region de Ñuble Ñuble,589,12192,206,0594,Medio,-36°16'516",-72°32'42"
16202,Cobquecura,Escudo de Cobquecura,Itata,Bandera de la Region de Ñuble Ñuble,5703,5275,925,0633,Medio,-36°7'588",-72°46'588"
16203,Coelemu,Escudo de Coelemu,Itata,Bandera de la Region de Ñuble Ñuble,3423,16845,492,0611,Medio,-36°29'6",-72°41'384"
16204,Ninhue,Escudo de Ninhue,Itata,Bandera de la Region de Ñuble Ñuble,4012,5414,135,0569,Bajo medio,-36°24'36",-72°23'492"
16205,Portezuelo,Escudo de Portezuelo,Itata,Bandera de la Region de Ñuble Ñuble,2823,4940,175,0599,Medio,-36°31'588",-72°25'588"
16206,Ranquil,Escudo de Ranquil,Itata,Bandera de la Region de Ñuble Ñuble,2483,6261,252,0586,Bajo alto,-36°38'60",-72°32'60"
16207,Treguaco,Escudo de Treguaco,Itata,Bandera de la Region de Ñuble Ñuble,3131,5696,181,0562,Bajo medio,-36°25'444",-72°39'54"
16301,San Carlos,Escudo de San Carlos,Punilla,Bandera de la Region de Ñuble Ñuble,874,56252,643,0653,Medio,-36°25'192",-71°57'324"
16302,Coihueco,Escudo de Coihueco,Punilla,Bandera de la Region de Ñuble Ñuble,17766,28375,159,0639,Medio,-35°46'588",-72°25'588"
16303,Ñiquen,Escudo de Ñiquen,Punilla,Bandera de la Region de Ñuble Ñuble,4931,11567,234,0629,Medio,-36°17'132",-71°53'564"
16304,San Fabian,Escudo de San Fabian,Punilla,Bandera de la Region de Ñuble Ñuble,15683,4654,296,0618,Medio,-36°33'144",-71°32'564"
16305,San Nicolas,Escudo de San Nicolas,Punilla,Bandera de la Region de Ñuble Ñuble,4905,12172,247,0625,Medio,-36°52'588",-72°28'588"
08101,Concepcion,Escudo de Concepcion,Concepcion,Bandera de la Region del Biobio Biobio,2216,238092,10724,0757,Alto,-36°48'54",-73°1'444"
08102,Coronel,Escudo de Coronel,Concepcion,Bandera de la Region del Biobio Biobio,2794,125829,451,0682,Medio,-36°58'552",-73°9'252"
08103,Chiguayante,Escudo de Chiguayante,Concepcion,Bandera de la Region del Biobio Biobio,715,91180,12663,0764,Alto,-36°54'324",-73°1'408"
08104,Florida,Escudo de Florida,Concepcion,Bandera de la Region del Biobio Biobio,6086,11841,194,0604,Medio,-36°49'156",-72°39'432"
08105,Hualqui,Escudo de Hualqui,Concepcion,Bandera de la Region del Biobio Biobio,5305,26201,493,0666,Medio,-36°58'12",-72°55'588"
08106,Lota,Escudo de Lota,Concepcion,Bandera de la Region del Biobio Biobio,1358,45750,3363,0643,Medio,-37°5'204",-73°9'18"
08107,Penco,Escudo de Penco,Concepcion,Bandera de la Region del Biobio Biobio,1076,49865,4617,0689,Medio,-36°44'312",-72°59'528"
08108,San Pedro de La Paz,Escudo de San Pedro de La Paz,Concepcion,Bandera de la Region del Biobio Biobio,1125,145906,12912,0787,Alto,-36°51'504",-73°6'288"
08109,Santa Juana,Escudo de Santa Juana,Concepcion,Bandera de la Region del Biobio Biobio,7312,14779,202,0626,Medio,-37°10'456",-72°56'72"
08110,Talcahuano,Escudo de Talcahuano,Concepcion,Bandera de la Region del Biobio Biobio,923,158345,17211,0731,Alto,-36°44'96",-73°6'18"
08111,Tome,Escudo de Tome,Concepcion,Bandera de la Region del Biobio Biobio,4945,58729,1186,0668,Medio,-36°37'264",-72°57'0"
08112,Hualpen,Escudo de Hualpen,Concepcion,Bandera de la Region del Biobio Biobio,535,97273,18023,0712,Medio,-36°47'204",-73°6'36"
08201,Lebu,Escudo de Lebu,Arauco,Bandera de la Region del Biobio Biobio,5614,27100,483,0633,Medio,-37°36'216",-73°38'348"
08202,Arauco,Escudo de Arauco,Arauco,Bandera de la Region del Biobio Biobio,9561,38679,404,0704,Alto,-37°15'252",-73°17'24"
08203,Cañete,Escudo de Cañete,Arauco,Bandera de la Region del Biobio Biobio,10892,37003,339,0641,Medio,-37°48'46",-73°23'462"
08204,Contulmo,Escudo de Contulmo,Arauco,Bandera de la Region del Biobio Biobio,6388,6330,990,0603,Medio,-38°0'18",-73°13'30"
08205,Curanilahue,Escudo de Curanilahue,Arauco,Bandera de la Region del Biobio Biobio,9943,33892,34,0643,Medio,-37°28'192",-73°20'528"
08206,Los alamos,Escudo de Los alamos,Arauco,Bandera de la Region del Biobio Biobio,5991,22524,376,0645,Medio,-37°37'156",-73°27'216"
08207,Tirua,Escudo de Tirua,Arauco,Bandera de la Region del Biobio Biobio,6244,11019,176,0584,Bajo alto,-38°20'204",-73°29'24"
08301,Los angeles,Escudo de Los angeles,Biobio,Bandera de la Region del Biobio Biobio,17482,218515,1250,0696,Medio,-36°56'384",-72°21'36"
08302,Antuco,Escudo de Antuco,Biobio,Bandera de la Region del Biobio Biobio,18841,4306,228,0662,Medio,-37°19'372",-71°40'408"
08303,Cabrero,Escudo de Cabrero,Biobio,Bandera de la Region del Biobio Biobio,6398,30725,48,0635,Medio,-37°2'204",-72°23'564"
08304,Laja,Escudo de Laja,Biobio,Bandera de la Region del Biobio Biobio,3398,23873,702,0665,Medio,-37°16'12",-72°42'0"
08305,Mulchen,Escudo de Mulchen,Biobio,Bandera de la Region del Biobio Biobio,19253,31041,161,0639,Medio,-37°42'54",-72°14'204"
08306,Nacimiento,Escudo de Nacimiento,Biobio,Bandera de la Region del Biobio Biobio,9349,27944,298,0656,Medio,-37°30'36",-72°40'336"
08307,Negrete,Escudo de Negrete,Biobio,Bandera de la Region del Biobio Biobio,1565,10429,664,0629,Medio,-37°34'588",-72°31'12"
08308,Quilaco,Escudo de Quilaco,Biobio,Bandera de la Region del Biobio Biobio,11237,4179,371,0635,Medio,-37°40'48",-72°0'252"
08309,Quilleco,Escudo de Quilleco,Biobio,Bandera de la Region del Biobio Biobio,11218,10032,894,0641,Medio,-37°28'12",-71°58'12"
08310,San Rosendo,Escudo de San Rosendo,Biobio,Bandera de la Region del Biobio Biobio,924,3611,392,0647,Medio,-37°15'288",-72°42'576"
08311,Santa Barbara,Escudo de Santa Barbara,Biobio,Bandera de la Region del Biobio Biobio,12549,14592,116,0637,Medio,-37°39'468",-72°1'48"
08312,Tucapel,Escudo de Tucapel,Biobio,Bandera de la Region del Biobio Biobio,9149,15205,166,0655,Medio,-37°37'588",-73°19'588"
08313,Yumbel,Escudo de Yumbel,Biobio,Bandera de la Region del Biobio Biobio,727,22132,304,0597,Bajo alto,-37°5'456",-72°33'216"
08314,Alto Biobio,Escudo de Alto Biobio,Biobio,Bandera de la Region del Biobio Biobio,21246,6775,318,,Medio,-38°37'84",-71°19'276"
09101,Temuco,Escudo de Temuco,Cautin,Bandera de la Region de La Araucania La Araucania,464,302931,6528,0763,Alto,-38°43'372",-72°35'564"
09102,Carahue,Escudo de Carahue,Cautin,Bandera de la Region de La Araucania La Araucania,13406,25486,19,0604,Medio,-38°42'252",-73°9'36"
09103,Cunco,Escudo de Cunco,Cautin,Bandera de la Region de La Araucania La Araucania,19065,18055,946,0659,Medio,-38°55'48",-72°1'372"
09104,Curarrehue,Escudo de Curarrehue,Cautin,Bandera de la Region de La Araucania La Araucania,11707,7802,666,0603,Medio,-39°21'324",-71°35'168"
09105,Freire,Escudo de Freire,Cautin,Bandera de la Region de La Araucania La Araucania,9352,25446,272,0614,Medio,-38°57'144",-72°37'192"
09106,Galvarino,Escudo de Galvarino,Cautin,Bandera de la Region de La Araucania La Araucania,5682,12633,222,0611,Medio,-38°23'60",-72°46'588"
09107,Gorbea,Escudo de Gorbea,Cautin,Bandera de la Region de La Araucania La Araucania,6945,15148,217,0644,Medio,-39°5'42",-72°40'192"
09108,Lautaro,Escudo de Lautaro,Cautin,Bandera de la Region de La Araucania La Araucania,9011,40746,452,0669,Medio,-38°31'444",-72°25'372"
09109,Loncoche,Escudo de Loncoche,Cautin,Bandera de la Region de La Araucania La Araucania,9768,24739,253,0652,Medio,-39°21'144",-72°37'408"
09110,Melipeuco,Escudo de Melipeuco,Cautin,Bandera de la Region de La Araucania La Araucania,11073,6265,565,0629,Medio,-38°50'348",-71°41'132"
09111,Nueva Imperial,Escudo de Nueva Imperial,Cautin,Bandera de la Region de La Araucania La Araucania,7325,33777,46,0629,Medio,-38°44'42",-72°57'0"
09112,Padre Las Casas,Escudo de Padre Las Casas,Cautin,Bandera de la Region de La Araucania La Araucania,4007,82110,2047,0662,Medio,-38°45'576",-72°35'348"
09113,Perquenco,Escudo de Perquenco,Cautin,Bandera de la Region de La Araucania La Araucania,3307,7223,218,063,Medio,-38°25'12",-72°22'588"
09114,Pitrufquen,Escudo de Pitrufquen,Cautin,Bandera de la Region de La Araucania La Araucania,5807,26096,449,0663,Medio,-38°58'588",-72°38'348"
09115,Pucon,Escudo de Pucon,Cautin,Bandera de la Region de La Araucania La Araucania,12485,29782,238,0767,Alto,-39°16'552",-71°57'144"
09116,Saavedra,Escudo de Saavedra,Cautin,Bandera de la Region de La Araucania La Araucania,4008,12793,319,0574,Bajo medio,-38°46'588",-73°24'0"
09117,Teodoro Schmidt,Escudo de Teodoro Schmidt,Cautin,Bandera de la Region de La Araucania La Araucania,6499,15786,242,0607,Medio,-38°58'12",-73°2'60"
09118,Tolten,Escudo de Tolten,Cautin,Bandera de la Region de La Araucania La Araucania,8604,10055,116,0617,Medio,-39°13'12",-73°13'12"
09119,Vilcun,Escudo de Vilcun,Cautin,Bandera de la Region de La Araucania La Araucania,14209,30766,216,0643,Medio,-38°38'60",-72°13'588"
09120,Villarrica,Escudo de Villarrica,Cautin,Bandera de la Region de La Araucania La Araucania,12911,59103,457,0698,Medio,-39°16'48",-72°13'48"
09121,Cholchol,Escudo de Cholchol,Cautin,Bandera de la Region de La Araucania La Araucania,4279,12341,288,,Alto,-38°36'0",-72°50'60"
09201,Angol,Escudo de Angol,Malleco,Bandera de la Region de La Araucania La Araucania,11944,56058,469,0707,Alto,-37°48'108",-72°42'72"
09202,Collipulli,Escudo de Collipulli,Malleco,Bandera de la Region de La Araucania La Araucania,12959,26148,201,0633,Medio,-37°57'108",-72°25'552"
09203,Curacautin,Escudo de Curacautin,Malleco,Bandera de la Region de La Araucania La Araucania,1664,18178,109,0657,Medio,-38°25'552",-71°53'24"
09204,Ercilla,Escudo de Ercilla,Malleco,Bandera de la Region de La Araucania La Araucania,4997,8458,169,0609,Medio,-38°2'60",-72°22'588"
09205,Lonquimay,Escudo de Lonquimay,Malleco,Bandera de la Region de La Araucania La Araucania,39142,11049,282,0629,Medio,-38°25'588",-71°13'588"
09206,Los Sauces,Escudo de Los Sauces,Malleco,Bandera de la Region de La Araucania La Araucania,8498,7517,884,0602,Medio,-37°58'12",-72°49'588"
09207,Lumaco,Escudo de Lumaco,Malleco,Bandera de la Region de La Araucania La Araucania,1119,10050,898,0603,Medio,-38°9'468",-72°54'144"
09208,Puren,Escudo de Puren,Malleco,Bandera de la Region de La Araucania La Araucania,4649,12188,262,0594,Medio,-38°1'192",-73°4'12"
09209,Renaico,Escudo de Renaico,Malleco,Bandera de la Region de La Araucania La Araucania,2674,10833,404,0615,Medio,-37°40'12",-72°34'588"
09210,Traiguen,Escudo de Traiguen,Malleco,Bandera de la Region de La Araucania La Araucania,908,19314,212,0657,Medio,-38°14'528",-72°40'30"
09211,Victoria,Escudo de Victoria,Malleco,Bandera de la Region de La Araucania La Araucania,1256,35467,282,0686,Medio,-38°13'48",-72°20'348"
14101,Valdivia,Escudo de Valdivia,Valdivia,Bandera de la Region de Los Rios Los Rios,1016,176774,1739,0754,Alto,-39°47'60",-73°13'588"
14102,Corral,Escudo de Corral,Valdivia,Bandera de la Region de Los Rios Los Rios,767,5447,710,0658,Medio,-39°52'12",-73°25'588"
14103,Lanco,Escudo de Lanco,Valdivia,Bandera de la Region de Los Rios Los Rios,5324,17652,331,0648,Medio,-39°26'492",-72°46'192"
14104,Los Lagos,Escudo de Los Lagos,Valdivia,Bandera de la Region de Los Rios Los Rios,17912,20518,114,0658,Medio,-41°55'12",-72°8'312"
14105,Mafil,Escudo de Mafil,Valdivia,Bandera de la Region de Los Rios Los Rios,583,7389,126,0655,Medio,-39°38'60",-72°57'0"
14106,Mariquina,Escudo de Mariquina,Valdivia,Bandera de la Region de Los Rios Los Rios,13205,23350,176,0653,Medio,-40°7'588",-72°19'588"
14107,Paillaco,Escudo de Paillaco,Valdivia,Bandera de la Region de Los Rios Los Rios,896,20798,232,0647,Medio,-40°4'48",-72°52'588"
14108,Panguipulli,Escudo de Panguipulli,Valdivia,Bandera de la Region de Los Rios Los Rios,3292,35991,109,0627,Medio,-39°38'312",-72°20'24"
14201,La Union,Escudo de La Union,Ranco,Bandera de la Region de Los Rios Los Rios,2137,39538,185,0687,Medio,-40°17'312",-73°5'168"
14202,Futrono,Escudo de Futrono,Ranco,Bandera de la Region de Los Rios Los Rios,22675,15261,672,0637,Medio,-40°7'516",-72°23'456"
14203,Lago Ranco,Escudo de Lago Ranco,Ranco,Bandera de la Region de Los Rios Los Rios,17633,10292,583,0606,Medio,-40°19'12",-72°30'0"
14204,Rio Bueno,Escudo de Rio Bueno,Ranco,Bandera de la Region de Los Rios Los Rios,22117,32925,148,0624,Medio,-40°20'168",-72°57'252"
10101,Puerto Montt,Escudo de Puerto Montt,Llanquihue,Bandera de la Region de Los Lagos Los Lagos,1673,269398,1470,0718,Alto,-41°27'144",-72°59'348"
10102,Calbuco,Escudo de Calbuco,Llanquihue,Bandera de la Region de Los Lagos Los Lagos,5908,36744,621,0642,Medio,-41°45'288",-73°9'36"
10103,Cochamo,Escudo de Cochamo,Llanquihue,Bandera de la Region de Los Lagos Los Lagos,39108,4006,102,069,Medio,-41°30'0",-72°19'12"
10104,Fresia,Escudo de Fresia,Llanquihue,Bandera de la Region de Los Lagos Los Lagos,12781,12656,990,0657,Medio,-41°9'108",-73°25'12"
10105,Frutillar,Escudo de Frutillar,Llanquihue,Bandera de la Region de Los Lagos Los Lagos,8314,20223,243,0669,Medio,-41°7'12",-73°5'60"
10106,Los Muermos,Escudo de Los Muermos,Llanquihue,Bandera de la Region de Los Lagos Los Lagos,12458,17817,142,0648,Medio,-41°23'276",-73°27'54"
10107,Llanquihue,Escudo de Llanquihue,Llanquihue,Bandera de la Region de Los Lagos Los Lagos,4208,18621,442,0695,Medio,-41°15'576",-73°0'432"
10108,Maullin,Escudo de Maullin,Llanquihue,Bandera de la Region de Los Lagos Los Lagos,8608,14894,172,0691,Medio,-41°37'48",-73°35'528"
10109,Puerto Varas,Escudo de Puerto Varas,Llanquihue,Bandera de la Region de Los Lagos Los Lagos,40649,48620,119,0748,Alto,-41°19'228",-72°58'12"
10201,Castro,Escudo de Castro,Chiloe,Bandera de la Region de Los Lagos Los Lagos,4725,47607,1006,072,Alto,-42°28'408",-73°46'444"
10202,Ancud,Escudo de Ancud,Chiloe,Bandera de la Region de Los Lagos Los Lagos,17524,42458,242,0705,Alto,-41°52'372",-73°48'504"
10203,Chonchi,Escudo de Chonchi,Chiloe,Bandera de la Region de Los Lagos Los Lagos,13621,16013,117,0641,Medio,-42°37'336",-73°46'516"
10204,Curaco de Velez,Escudo de Curaco de Velez,Chiloe,Bandera de la Region de Los Lagos Los Lagos,80,4066,508,0702,Alto,-42°26'24",-73°34'552"
10205,Dalcahue,Escudo de Dalcahue,Chiloe,Bandera de la Region de Los Lagos Los Lagos,12394,15069,121,069,Medio,-42°22'264",-73°39'36"
10206,Puqueldon,Escudo de Puqueldon,Chiloe,Bandera de la Region de Los Lagos Los Lagos,973,4201,433,0628,Medio,-42°36'144",-73°41'24"
10207,Queilen,Escudo de Queilen,Chiloe,Bandera de la Region de Los Lagos Los Lagos,3329,5543,166,0646,Medio,-42°52'264",-73°28'12"
10208,Quellon,Escudo de Quellon,Chiloe,Bandera de la Region de Los Lagos Los Lagos,3244,29309,903,067,Medio,-43°7'156",-73°36'288"
10209,Quemchi,Escudo de Quemchi,Chiloe,Bandera de la Region de Los Lagos Los Lagos,4403,8783,199,0656,Medio,-42°8'312",-73°28'408"
10210,Quinchao,Escudo de Quinchao,Chiloe,Bandera de la Region de Los Lagos Los Lagos,1607,8298,515,0648,Medio,-42°28'444",-73°29'492"
10301,Osorno,Escudo de Osorno,Osorno,Bandera de la Region de Los Lagos Los Lagos,951,173410,1823,07,Alto,-40°34'264",-73°7'336"
10302,Puerto Octay,Escudo de Puerto Octay,Osorno,Bandera de la Region de Los Lagos Los Lagos,17957,9192,511,0679,Medio,-40°58'12",-72°54'0"
10303,Purranque,Escudo de Purranque,Osorno,Bandera de la Region de Los Lagos Los Lagos,14588,21080,144,0627,Medio,-40°54'324",-73°10'30"
10304,Puyehue,Escudo de Puyehue,Osorno,Bandera de la Region de Los Lagos Los Lagos,15979,11787,737,0675,Medio,-40°43'12",-72°19'156"
10305,Rio Negro,Escudo de Rio Negro,Osorno,Bandera de la Region de Los Lagos Los Lagos,12657,14275,112,0633,Medio,-41°58'12",-72°27'0"
10306,San Juan de la Costa,Escudo de San Juan de la Costa,Osorno,Bandera de la Region de Los Lagos Los Lagos,1517,7639,503,051,Bajo,-40°30'36",-73°23'312"
10307,San Pablo,Escudo de San Pablo,Osorno,Bandera de la Region de Los Lagos Los Lagos,6373,10553,165,0625,Medio,-40°23'60",-73°1'12"
10401,Chaiten,Escudo de Chaiten,Palena,Bandera de la Region de Los Lagos Los Lagos,84705,5020,059,0704,Alto,-42°53'564",-72°40'12"
10402,Futaleufu,Escudo de Futaleufu,Palena,Bandera de la Region de Los Lagos Los Lagos,1280,2806,219,0665,Medio,-43°10'48",-71°50'528"
10403,Hualaihue,Escudo de Hualaihue,Palena,Bandera de la Region de Los Lagos Los Lagos,27877,9525,341,0659,Medio,-41°59'312",-72°40'12"
10404,Palena,Escudo de Palena,Palena,Bandera de la Region de Los Lagos Los Lagos,27637,1827,066,0667,Medio,-43°37'228",-71°48'144"
11101,Coyhaique,Escudo de Coihaique,Coyhaique,Bandera de la Region Aysen del General Carlos Ibañez del Campo Aysen del General Carlos Ibañez del Campo,72902,61210,839,0751,Alto,-45°33'504",-72°3'54"
11102,Lago Verde,Escudo de Lago Verde,Coyhaique,Bandera de la Region Aysen del General Carlos Ibañez del Campo Aysen del General Carlos Ibañez del Campo,54223,920,016,0637,Medio,-44°13'84",-71°50'204"
11201,Aysen,Logotipo-Municipalidad-de-Aysensvg,Aysen,Bandera de la Region Aysen del General Carlos Ibañez del Campo Aysen del General Carlos Ibañez del Campo,297964,25002,083,0674,Medio,-45°24'432",-72°41'528"
11202,Cisnes,Escudo de Cisnes,Aysen,Bandera de la Region Aysen del General Carlos Ibañez del Campo Aysen del General Carlos Ibañez del Campo,16093,5828,036,0725,Alto,-44°45'36",-72°41'492"
11203,Guaitecas,Escudo de Guaitecas,Aysen,Bandera de la Region Aysen del General Carlos Ibañez del Campo Aysen del General Carlos Ibañez del Campo,6206,1599,257,0654,Medio,-43°53'24",-73°57'0"
11301,Cochrane,Escudo de Cochrane,Capitan Prat,Bandera de la Region Aysen del General Carlos Ibañez del Campo Aysen del General Carlos Ibañez del Campo,85995,3685,042,0668,Medio,-47°16'12",-72°32'60"
11302,O'Higgins,Escudo de O'Higgins,Capitan Prat,Bandera de la Region Aysen del General Carlos Ibañez del Campo Aysen del General Carlos Ibañez del Campo,81825,661,008,0572,Bajo medio,-48°47'60",-73°10'588"
11303,Tortel,Escudo de Tortel,Capitan Prat,Bandera de la Region Aysen del General Carlos Ibañez del Campo Aysen del General Carlos Ibañez del Campo,197106,572,003,0655,Medio,-47°46'516",-73°30'432"
11401,Chile Chico,Escudo de Chile Chico,General Carrera,Bandera de la Region Aysen del General Carlos Ibañez del Campo Aysen del General Carlos Ibañez del Campo,57371,5121,089,0707,Alto,-46°32'60",-71°43'588"
11402,Rio Ibañez,Escudo de Rio Ibañez,General Carrera,Bandera de la Region Aysen del General Carlos Ibañez del Campo Aysen del General Carlos Ibañez del Campo,59972,2699,045,0654,Medio,-46°15'18",-71°57'0"
12101,Punta Arenas,Escudo de Punta Arenas,Magallanes,Bandera de la Region de Magallanes y de la Antartica Chilena Magallanes y Antartica Chilena,178463,141984,795,0748,Alto,-53°8'528",-70°54'252"
12102,Laguna Blanca,Escudo de Laguna Blanca,Magallanes,Bandera de la Region de Magallanes y de la Antartica Chilena Magallanes y Antartica Chilena,36956,264,007,0785,Alto,-52°16'12",-71°10'588"
12103,Rio Verde,Escudo de Rio Verde,Magallanes,Bandera de la Region de Magallanes y de la Antartica Chilena Magallanes y Antartica Chilena,17248,211,001,0784,Alto,-52°37'408",-71°28'372"
12104,San Gregorio,Escudo de San Gregorio,Magallanes,Bandera de la Region de Magallanes y de la Antartica Chilena Magallanes y Antartica Chilena,68837,681,009,0823,Muy alto,-52°34'12",-70°4'12"
12201,Cabo de Hornos,Escudo de Cabo de Hornos,Antartica Chilena,Bandera de la Region de Magallanes y de la Antartica Chilena Magallanes y Antartica Chilena,155787,1983,013,0806,Muy alto,-54°56'492",-67°36'252"
12202,Antartica,Escudo de Antartica,Antartica Chilena,Bandera de la Region de Magallanes y de la Antartica Chilena Magallanes y Antartica Chilena,12502576,137,00001,,Medio,-75°0'0",-71°30'00"
12301,Porvenir,Escudo de Porvenir,Tierra del Fuego,Bandera de la Region de Magallanes y de la Antartica Chilena Magallanes y Antartica Chilena,97074,7323,075,0731,Alto,-53°17'528",-70°23'6"
12302,Primavera,Escudo de Primavera,Tierra del Fuego,Bandera de la Region de Magallanes y de la Antartica Chilena Magallanes y Antartica Chilena,42534,694,016,0774,Alto,-52°53'96",-69°21'108"
12303,Timaukel,Escudo de Timaukel,Tierra del Fuego,Bandera de la Region de Magallanes y de la Antartica Chilena Magallanes y Antartica Chilena,107589,282,002,0717,Alto,-53°40'192",-69°42'36"
12401,Natales,Escudo de Natales,ultima Esperanza,Bandera de la Region de Magallanes y de la Antartica Chilena Magallanes y Antartica Chilena,499241,23782,047,0699,Alto,-51°43'588",-72°31'12"
12402,Torres del Paine,Escudo de Torres del Paine,ultima Esperanza,Bandera de la Region de Magallanes y de la Antartica Chilena Magallanes y Antartica Chilena,6630,1021,015,073,Alto,-50°58'552",-72°29'564"
13101,Santiago,Escudo de Santiago,Santiago,Bandera de la Region Metropolitana de Santiago Metropolitana de Santiago,232,503147,218759,0807,Muy alto,-33°26'14",-70°39'26"
13102,Cerrillos,Escudo de Cerrillos,Santiago,Bandera de la Region Metropolitana de Santiago Metropolitana de Santiago,21,88956,4236,0743,Alto,-33°30'0",-70°43'0"
13103,Cerro Navia,Escudo de Cerro Navia,Santiago,Bandera de la Region Metropolitana de Santiago Metropolitana de Santiago,11,142465,129513,0683,Medio,-33°25'192",-70°44'6"
13104,Conchali,Escudo de Conchali,Santiago,Bandera de la Region Metropolitana de Santiago Metropolitana de Santiago,107,139195,126540,0707,Alto,-33°22'48",-70°40'30"
13105,El Bosque,Escudo de El Bosque,Santiago,Bandera de la Region Metropolitana de Santiago Metropolitana de Santiago,142,172000,122857,0711,Alto,-33°34'12",-70°40'30"
13106,Estacion Central,Escudo de Estacion Central,Santiago,Bandera de la Region Metropolitana de Santiago Metropolitana de Santiago,15,206792,137861,0735,Alto,-33°27'324",-70°41'564"
13107,Huechuraba,Escudo de Huechuraba,Santiago,Bandera de la Region Metropolitana de Santiago Metropolitana de Santiago,448,112528,25006,0737,Alto,-33°22'48",-70°38'24"
13108,Independencia,Escudo de Independencia,Santiago,Bandera de la Region Metropolitana de Santiago Metropolitana de Santiago,7,142065,20295,0709,Alto,-33°24'468",-70°39'576"
13109,La Cisterna,Escudo de La Cisterna,Santiago,Bandera de la Region Metropolitana de Santiago Metropolitana de Santiago,10,100434,100434,0775,Alto,-33°31'444",-70°39'468"
13110,La Florida,Escudo de La Florida,Santiago,Bandera de la Region Metropolitana de Santiago Metropolitana de Santiago,702,402433,57490,0804,Muy alto,-33°31'30",-70°32'168"
13111,La Granja,Escudo de La Granja,Santiago,Bandera de la Region Metropolitana de Santiago Metropolitana de Santiago,10,122557,122557,0689,Medio,-33°31'60",-70°37'30"
13112,La Pintana,Escudo de La Pintana,Santiago,Bandera de la Region Metropolitana de Santiago Metropolitana de Santiago,306,189335,61075,0679,Medio,-33°34'588",-70°38'24"
13113,La Reina,Escudo de La Reina,Santiago,Bandera de la Region Metropolitana de Santiago Metropolitana de Santiago,23,100252,43587,0883,Muy alto,-33°26'348",-70°31'552"
13114,Las Condes,Escudo de Las Condes,Santiago,Bandera de la Region Metropolitana de Santiago Metropolitana de Santiago,99,330759,3341,0933,Muy alto,-33°25'0",-70°35'0"
13115,Lo Barnechea,Escudo de Lo Barnechea,Santiago,Bandera de la Region Metropolitana de Santiago Metropolitana de Santiago,1024,124076,1211,0912,Muy alto,-33°21'0",-70°31'0"
13116,Lo Espejo,Escudo de Lo Espejo,Santiago,Bandera de la Region Metropolitana de Santiago Metropolitana de Santiago,7,103865,148378,0657,Medio,-33°31'192",-70°41'132"
13117,Lo Prado,Escudo de Lo Prado,Santiago,Bandera de la Region Metropolitana de Santiago Metropolitana de Santiago,7,104403,149147,0715,Alto,-33°26'42",-70°43'336"
13118,Macul,Escudo de Macul,Santiago,Bandera de la Region Metropolitana de Santiago Metropolitana de Santiago,129,134635,103565,0806,Muy alto,-33°29'132",-70°36'144"
13119,Maipu,Escudo de Maipu,Santiago,Bandera de la Region Metropolitana de Santiago Metropolitana de Santiago,1355,578605,42544,0902,Muy alto,-33°31'0",-70°46'0"
13120,Ñuñoa,Escudo de Ñuñoa,Santiago,Bandera de la Region Metropolitana de Santiago Metropolitana de Santiago,169,250192,147171,086,Muy alto,-33°27'144",-70°36'144"
13121,Pedro Aguirre Cerda,Escudo de Pedro Aguirre Cerda,Santiago,Bandera de la Region Metropolitana de Santiago Metropolitana de Santiago,10,107803,107803,0708,Alto,-33°27'588",-70°38'12"
13122,Peñalolen,Escudo de Peñalolen,Santiago,Bandera de la Region Metropolitana de Santiago Metropolitana de Santiago,54,266798,49407,0743,Alto,-33°29'1028",-70°32'0"
13123,Providencia,Escudo de Providencia,Santiago,Bandera de la Region Metropolitana de Santiago Metropolitana de Santiago,143,157749,112677,0911,Muy alto,-33°26'6",-70°36'576"
13124,Pudahuel,Escudo de Pudahuel,Santiago,Bandera de la Region Metropolitana de Santiago Metropolitana de Santiago,197,253139,12849,0735,Alto,-33°26'0",-70°43'0"
13125,Quilicura,Escudo de Quilicura,Santiago,Bandera de la Region Metropolitana de Santiago Metropolitana de Santiago,58,254694,43912,0782,Alto,-33°21'396",-70°43'444"
13126,Quinta Normal,Escudo de Quinta Normal,Santiago,Bandera de la Region Metropolitana de Santiago Metropolitana de Santiago,13,136368,104898,0723,Alto,-33°25'372",-70°41'564"
13127,Recoleta,Escudo de Recoleta,Santiago,Bandera de la Region Metropolitana de Santiago Metropolitana de Santiago,16,190070,118793,0697,Alto,-33°24'216",-70°38'24"
13128,Renca,Escudo de Renca,Santiago,Bandera de la Region Metropolitana de Santiago Metropolitana de Santiago,24,160847,69933,0709,Alto,-33°23'528",-70°43'228"
13129,San Joaquin,Escudo de San Joaquin,Santiago,Bandera de la Region Metropolitana de Santiago Metropolitana de Santiago,97,103485,103485,0719,Alto,-33°29'276",-70°37'408"
13130,San Miguel,Escudo de San Miguel,Santiago,Bandera de la Region Metropolitana de Santiago Metropolitana de Santiago,100,133059,133059,0765,Alto,-33°29'9",-70°38'58"
13131,San Ramon,Escudo de San Ramon,Santiago,Bandera de la Region Metropolitana de Santiago Metropolitana de Santiago,7,86510,123585,0679,Medio,-33°31'60",-70°38'30"
13132,Vitacura,Escudo de Vitacura,Santiago,Bandera de la Region Metropolitana de Santiago Metropolitana de Santiago,283,96774,34562,0949,Muy alto,-33°24'0",-70°36'0"
13201,Puente Alto,Escudo de Puente Alto,Cordillera,Bandera de la Region Metropolitana de Santiago Metropolitana de Santiago,88,645909,73398,0773,Alto,-33°36'576",-70°34'12"
13202,Pirque,Escudo de Pirque,Cordillera,Bandera de la Region Metropolitana de Santiago Metropolitana de Santiago,4453,30433,683,0807,Muy alto,-33°38'60",-70°33'504"
13203,San Jose de Maipo,Escudo de San Jose de Maipo,Cordillera,Bandera de la Region Metropolitana de Santiago Metropolitana de Santiago,49948,18644,374,0759,Alto,-33°38'384",-70°21'108"
13301,Colina,Escudo de Colina,Chacabuco,Bandera de la Region Metropolitana de Santiago Metropolitana de Santiago,9712,180353,1857,0726,Alto,-33°11'384",-70°40'48"
13302,Lampa,Escudo de Lampa,Chacabuco,Bandera de la Region Metropolitana de Santiago Metropolitana de Santiago,452,126898,2807,0697,Medio,-33°17'96",-70°52'408"
13303,Til Til,Escudo de Til til,Chacabuco,Bandera de la Region Metropolitana de Santiago Metropolitana de Santiago,653,21477,328,0709,Alto,-33°5'6",-70°55'30"
13401,San Bernardo,Escudo de San Bernardo,Maipo,Bandera de la Region Metropolitana de Santiago Metropolitana de Santiago,155,334836,21602,0712,Alto,-33°34'552",-70°41'132"
13402,Buin,Escudo de Buin,Maipo,Bandera de la Region Metropolitana de Santiago Metropolitana de Santiago,214,109641,5123,0731,Alto,-33°43'408",-70°44'204"
13403,Calera de Tango,Escudo de Calera de Tango,Maipo,Bandera de la Region Metropolitana de Santiago Metropolitana de Santiago,733,28525,3907,0792,Alto,-33°37'408",-70°47'6"
13404,Paine,Escudo de Paine,Maipo,Bandera de la Region Metropolitana de Santiago Metropolitana de Santiago,820,82766,1009,0718,Alto,-33°48'432",-70°43'228"
13501,Melipilla,Escudo de Melipilla,Melipilla,Bandera de la Region Metropolitana de Santiago Metropolitana de Santiago,1345,141612,1052,0735,Alto,-33°41'204",-71°12'288"
13502,Alhue,Escudo de Alhue,Melipilla,Bandera de la Region Metropolitana de Santiago Metropolitana de Santiago,845,7405,876,07,Alto,-34°1'588",-71°5'60"
13503,Curacavi,Escudo de Curacavi,Melipilla,Bandera de la Region Metropolitana de Santiago Metropolitana de Santiago,693,36430,525,071,Alto,-33°23'564",-71°8'132"
13504,Maria Pinto,Escudo de Maria Pinto,Melipilla,Bandera de la Region Metropolitana de Santiago Metropolitana de Santiago,3935,14926,378,0698,Alto,-33°30'54",-71°7'84"
13505,San Pedro,Escudo de San Pedro,Melipilla,Bandera de la Region Metropolitana de Santiago Metropolitana de Santiago,788,11953,151,0701,Alto,-33°53'60",-71°28'12"
13601,Talagante,Escudo de Talagante,Talagante,Bandera de la Region Metropolitana de Santiago Metropolitana de Santiago,126,81838,6495,0749,Alto,-33°40'12",-70°55'516"
13602,El Monte,Escudo de El Monte,Talagante,Bandera de la Region Metropolitana de Santiago Metropolitana de Santiago,118,40014,3391,0688,Medio,-33°41'24",-71°1'12"
13603,Isla de Maipo,Escudo de Isla de Maipo,Talagante,Bandera de la Region Metropolitana de Santiago Metropolitana de Santiago,189,40171,2125,0724,Alto,-33°45'144",-70°53'96"
13604,Padre Hurtado,Escudo de Padre Hurtado,Talagante,Bandera de la Region Metropolitana de Santiago Metropolitana de Santiago,808,74188,9159,0728,Alto,-33°34'336",-70°47'60"
13605,Peñaflor,Escudo de Peñaflor,Talagante,Bandera de la Region Metropolitana de Santiago Metropolitana de Santiago,69,101058,14646,0753,Alto,-33°36'226",-70°52'3548"